scanned_at,kind,route,origin,return_airport,depart_date,return_date,trip_days,fare_usd,bag_usd,all_in_usd,airlines,total_stops,max_layover_min,overnight_layover,all_december,bag_confidence,url
2026-08-08T01:13:55+00:00,two-one-ways,TPA->GUA / GUA->MCO,TPA,MCO,2026-12-05,2026-12-25,20,374,90,464,United,2,1319,1,1,verified,https://www.google.com/travel/flights/search?tfs=GhoSCjIwMjYtMTItMDVqBRIDVFBBcgUSA0dVQUIBAUgBmAEC&hl=en-US&curr=USD
2026-08-08T01:13:55+00:00,two-one-ways,MSY->GUA / GUA->MCO,MSY,MCO,2026-12-06,2026-12-25,19,384,90,474,United,2,983,1,1,verified,https://www.google.com/travel/flights/search?tfs=GhoSCjIwMjYtMTItMDZqBRIDTVNZcgUSA0dVQUIBAUgBmAEC&hl=en-US&curr=USD
2026-08-08T01:13:55+00:00,two-one-ways,TPA->GUA / GUA->MCO,TPA,MCO,2026-12-05,2026-12-28,23,379,95,474,United|American,3,1319,1,1,verified,https://www.google.com/travel/flights/search?tfs=GhoSCjIwMjYtMTItMDVqBRIDVFBBcgUSA0dVQUIBAUgBmAEC&hl=en-US&curr=USD
2026-08-08T01:13:55+00:00,two-one-ways,ONT->GUA / GUA->MCO,ONT,MCO,2027-01-08,2027-01-27,19,387,90,477,United,3,706,1,0,verified,https://www.google.com/travel/flights/search?tfs=GhoSCjIwMjctMDEtMDhqBRIDT05UcgUSA0dVQUIBAUgBmAEC&hl=en-US&curr=USD
2026-08-08T01:13:55+00:00,two-one-ways,ONT->GUA / GUA->MCO,ONT,MCO,2027-01-08,2027-01-29,21,387,90,477,United,3,689,1,0,verified,https://www.google.com/travel/flights/search?tfs=GhoSCjIwMjctMDEtMDhqBRIDT05UcgUSA0dVQUIBAUgBmAEC&hl=en-US&curr=USD
2026-08-08T01:13:55+00:00,two-one-ways,ONT->GUA / GUA->MCO,ONT,MCO,2027-01-08,2027-02-01,24,387,90,477,United,3,689,1,0,verified,https://www.google.com/travel/flights/search?tfs=GhoSCjIwMjctMDEtMDhqBRIDT05UcgUSA0dVQUIBAUgBmAEC&hl=en-US&curr=USD
2026-08-08T01:13:55+00:00,two-one-ways,ONT->GUA / GUA->MCO,ONT,MCO,2027-01-08,2027-02-02,25,383,95,478,United|American,3,689,1,0,verified,https://www.google.com/travel/flights/search?tfs=GhoSCjIwMjctMDEtMDhqBRIDT05UcgUSA0dVQUIBAUgBmAEC&hl=en-US&curr=USD
2026-08-08T01:13:55+00:00,two-one-ways,ONT->GUA / GUA->MCO,ONT,MCO,2027-01-08,2027-02-05,28,383,95,478,United|American,3,1258,1,0,verified,https://www.google.com/travel/flights/search?tfs=GhoSCjIwMjctMDEtMDhqBRIDT05UcgUSA0dVQUIBAUgBmAEC&hl=en-US&curr=USD
2026-08-08T01:13:55+00:00,two-one-ways,ONT->GUA / GUA->MCO,ONT,MCO,2026-12-06,2026-12-25,19,389,90,479,United,2,983,1,1,verified,https://www.google.com/travel/flights/search?tfs=GhoSCjIwMjYtMTItMDZqBRIDT05UcgUSA0dVQUIBAUgBmAEC&hl=en-US&curr=USD
2026-08-08T01:13:55+00:00,two-one-ways,MDW->GUA / GUA->MCO,MDW,MCO,2026-12-02,2026-12-23,21,367,113,480,Frontier|American,2,1194,1,1,verified,https://www.google.com/travel/flights/search?tfs=GhoSCjIwMjYtMTItMDJqBRIDTURXcgUSA0dVQUIBAUgBmAEC&hl=en-US&curr=USD
2026-08-08T01:13:55+00:00,two-one-ways,TPA->GUA / GUA->TPA,TPA,TPA,2026-12-05,2026-12-24,19,392,90,482,United|Delta,2,1319,1,1,verified,https://www.google.com/travel/flights/search?tfs=GhoSCjIwMjYtMTItMDVqBRIDVFBBcgUSA0dVQUIBAUgBmAEC&hl=en-US&curr=USD
2026-08-08T01:13:55+00:00,two-one-ways,ONT->GUA / GUA->MCO,ONT,MCO,2026-11-14,2026-12-04,20,383,100,483,American,3,1402,1,0,verified,https://www.google.com/travel/flights/search?tfs=GhoSCjIwMjYtMTEtMTRqBRIDT05UcgUSA0dVQUIBAUgBmAEC&hl=en-US&curr=USD
2026-08-08T01:13:55+00:00,two-one-ways,MDW->GUA / GUA->MCO,MDW,MCO,2026-12-02,2026-12-22,20,379,108,487,Frontier|United,2,983,1,1,verified,https://www.google.com/travel/flights/search?tfs=GhoSCjIwMjYtMTItMDJqBRIDTURXcgUSA0dVQUIBAUgBmAEC&hl=en-US&curr=USD
2026-08-08T01:13:55+00:00,two-one-ways,MSY->GUA / GUA->MCO,MSY,MCO,2026-11-11,2026-12-02,21,400,90,490,United,2,406,0,0,verified,https://www.google.com/travel/flights/search?tfs=GhoSCjIwMjYtMTEtMTFqBRIDTVNZcgUSA0dVQUIBAUgBmAEC&hl=en-US&curr=USD
2026-08-08T01:13:55+00:00,two-one-ways,MSY->GUA / GUA->MCO,MSY,MCO,2026-11-11,2026-12-05,24,400,90,490,United,2,406,0,0,verified,https://www.google.com/travel/flights/search?tfs=GhoSCjIwMjYtMTEtMTFqBRIDTVNZcgUSA0dVQUIBAUgBmAEC&hl=en-US&curr=USD
2026-08-08T01:13:55+00:00,two-one-ways,MSY->GUA / GUA->MCO,MSY,MCO,2026-11-11,2026-12-08,27,400,90,490,United,2,375,0,0,verified,https://www.google.com/travel/flights/search?tfs=GhoSCjIwMjYtMTEtMTFqBRIDTVNZcgUSA0dVQUIBAUgBmAEC&hl=en-US&curr=USD
2026-08-08T01:13:55+00:00,two-one-ways,MDW->GUA / GUA->TPA,MDW,TPA,2026-12-02,2026-12-21,19,397,108,505,Frontier|Delta,2,717,1,1,verified,https://www.google.com/travel/flights/search?tfs=GhoSCjIwMjYtMTItMDJqBRIDTURXcgUSA0dVQUIBAUgBmAEC&hl=en-US&curr=USD
2026-08-08T01:13:55+00:00,two-one-ways,ONT->GUA / GUA->TPA,ONT,TPA,2026-11-26,2026-12-19,23,413,95,508,American|Delta,3,717,1,0,verified,https://www.google.com/travel/flights/search?tfs=GhoSCjIwMjYtMTEtMjZqBRIDT05UcgUSA0dVQUIBAUgBmAEC&hl=en-US&curr=USD
2026-08-08T01:13:55+00:00,two-one-ways,MCO->GUA / GUA->MCO,MCO,MCO,2026-11-23,2026-12-13,20,427,115,542,Air Canada|United,3,706,1,0,guess,https://www.google.com/travel/flights/search?tfs=GhoSCjIwMjYtMTEtMjNqBRIDTUNPcgUSA0dVQUIBAUgBmAEC&hl=en-US&curr=USD
2026-08-08T01:13:55+00:00,two-one-ways,MCO->GUA / GUA->MCO,MCO,MCO,2026-11-23,2026-12-14,21,423,120,543,Air Canada|American,3,1362,1,0,guess,https://www.google.com/travel/flights/search?tfs=GhoSCjIwMjYtMTEtMjNqBRIDTUNPcgUSA0dVQUIBAUgBmAEC&hl=en-US&curr=USD
2026-08-08T01:13:55+00:00,two-one-ways,MDW->GUA / GUA->MIA,MDW,MIA,2026-12-02,2026-12-22,20,480,113,593,Frontier|American,1,335,1,1,verified,https://www.google.com/travel/flights/search?tfs=GhoSCjIwMjYtMTItMDJqBRIDTURXcgUSA0dVQUIBAUgBmAEC&hl=en-US&curr=USD
2026-08-08T01:13:55+00:00,two-one-ways,MSY->GUA / GUA->MIA,MSY,MIA,2026-11-24,2026-12-22,28,499,95,594,United|American,1,1197,1,0,verified,https://www.google.com/travel/flights/search?tfs=GhoSCjIwMjYtMTEtMjRqBRIDTVNZcgUSA0dVQUIBAUgBmAEC&hl=en-US&curr=USD
2026-08-08T01:13:55+00:00,two-one-ways,MSY->GUA / GUA->MIA,MSY,MIA,2026-11-27,2026-12-22,25,499,95,594,United|American,1,1197,1,0,verified,https://www.google.com/travel/flights/search?tfs=GhoSCjIwMjYtMTEtMjdqBRIDTVNZcgUSA0dVQUIBAUgBmAEC&hl=en-US&curr=USD
2026-08-08T01:13:55+00:00,two-one-ways,MSY->GUA / GUA->MIA,MSY,MIA,2026-11-28,2026-12-22,24,499,95,594,United|American,1,1197,1,0,verified,https://www.google.com/travel/flights/search?tfs=GhoSCjIwMjYtMTEtMjhqBRIDTVNZcgUSA0dVQUIBAUgBmAEC&hl=en-US&curr=USD
